Open time,Open,High,Low,Close,Volume,Close time,Quote asset volume,Number of trades,Taker buy base asset volume,Taker buy quote asset volume,Ignore
2021-01-01 00:00:00+00:00,736.42,749.0,714.29,728.91,675114.09329,2021-01-01 23:59:59.999000+00:00,496072043.77740735,483671,338988.53158,249240373.93868393,0
2021-01-02 00:00:00+00:00,728.91,787.69,714.91,774.56,1352618.57668,2021-01-02 23:59:59.999000+00:00,1024472182.612087,824134,686674.73342,519915827.0114855,0
2021-01-03 00:00:00+00:00,774.44,1011.07,768.71,978.28,2813603.88615,2021-01-03 23:59:59.999000+00:00,2522411859.73161,1636501,1439027.79886,1290266275.5931487,0
2021-01-04 00:00:00+00:00,978.33,1162.97,890.0,1041.43,4245010.94004,2021-01-04 23:59:59.999000+00:00,4303634203.2196,2477862,2126337.6721,2157639019.3291917,0
2021-01-05 00:00:00+00:00,1041.45,1134.6,974.45,1099.56,2706995.67525,2021-01-05 23:59:59.999000+00:00,2857050280.0081425,1960503,1337641.02794,1412551452.853558,0
2021-01-06 00:00:00+00:00,1100.16,1213.0,1057.26,1208.42,2390136.59334,2021-01-06 23:59:59.999000+00:00,2725262121.2885127,1600888,1227955.8885,1401239480.530579,0
2021-01-07 00:00:00+00:00,1208.75,1289.0,1131.0,1224.87,1972922.82059,2021-01-07 23:59:59.999000+00:00,2406219891.3685346,1402699,974726.97516,1189746026.1513844,0
2021-01-08 00:00:00+00:00,1224.86,1273.75,1065.0,1216.93,2131172.92341,2021-01-08 23:59:59.999000+00:00,2543427452.5801253,1718817,1042889.10509,1246619297.4198394,0
2021-01-09 00:00:00+00:00,1216.72,1304.37,1171.36,1276.0,1448871.11514,2021-01-09 23:59:59.999000+00:00,1780137376.4164698,1131871,746369.6968,918333130.76833,0
2021-01-10 00:00:00+00:00,1276.0,1348.33,1170.0,1254.25,1951179.35003,2021-01-10 23:59:59.999000+00:00,2517791852.407762,1437486,979792.30536,1266203575.0952866,0
2021-01-11 00:00:00+00:00,1254.24,1260.0,915.0,1087.01,4068784.65678,2021-01-11 23:59:59.999000+00:00,4290593989.580177,2557613,1966216.19764,2073558269.9400127,0
2021-01-12 00:00:00+00:00,1087.0,1150.02,1006.33,1050.16,2302645.34052,2021-01-12 23:59:59.999000+00:00,2491067092.5101275,1516625,1149858.00491,1244662146.2852807,0
2021-01-13 00:00:00+00:00,1050.36,1137.65,987.48,1129.89,1564202.39081,2021-01-13 23:59:59.999000+00:00,1664178969.0738044,1123983,792814.80569,844656818.225537,0
2021-01-14 00:00:00+00:00,1129.79,1247.55,1086.7,1231.62,1555737.38556,2021-01-14 23:59:59.999000+00:00,1825860914.1737955,1255769,794405.96443,932454704.1013689,0
2021-01-15 00:00:00+00:00,1231.89,1256.98,1069.42,1168.53,1944038.83738,2021-01-15 23:59:59.999000+00:00,2302781118.9587398,1519266,966118.73281,1145518024.4912322,0
2021-01-16 00:00:00+00:00,1168.48,1298.0,1151.77,1227.83,1575384.43797,2021-01-16 23:59:59.999000+00:00,1927453174.6117926,1252473,804431.16803,984555467.09146,0
2021-01-17 00:00:00+00:00,1227.83,1269.02,1165.0,1232.45,1317285.00579,2021-01-17 23:59:59.999000+00:00,1606424364.497042,1121278,665250.50449,811881943.4555254,0
2021-01-18 00:00:00+00:00,1232.5,1260.75,1182.58,1258.45,998050.11073,2021-01-18 23:59:59.999000+00:00,1223628040.7372608,940604,499759.24002,613148505.5656064,0
2021-01-19 00:00:00+00:00,1258.52,1438.3,1251.49,1365.36,2278852.55758,2021-01-19 23:59:59.999000+00:00,3120980923.9303093,1840481,1158029.40293,1585793803.6607609,0
2021-01-20 00:00:00+00:00,1365.36,1407.93,1235.42,1376.99,2219137.62144,2021-01-20 23:59:59.999000+00:00,2931656296.4670005,1852253,1103381.0876,1459031149.789856,0
2021-01-21 00:00:00+00:00,1376.72,1390.0,1086.0,1110.96,2254164.80365,2021-01-21 23:59:59.999000+00:00,2787012514.78097,1823458,1088341.96818,1346852630.2030852,0
2021-01-22 00:00:00+00:00,1111.98,1273.79,1042.31,1232.62,2020593.21673,2021-01-22 23:59:59.999000+00:00,2360267831.3175545,1652010,1036188.85921,1212076603.470972,0
2021-01-23 00:00:00+00:00,1232.61,1272.44,1195.9,1233.6,1009545.08258,2021-01-23 23:59:59.999000+00:00,1250575691.7627306,932871,505750.89704,626781286.5809959,0
2021-01-24 00:00:00+00:00,1233.46,1398.83,1220.0,1392.51,1510879.53817,2021-01-24 23:59:59.999000+00:00,1996765627.540519,1313986,790374.50924,1045052388.6384157,0
2021-01-25 00:00:00+00:00,1392.19,1475.0,1293.69,1317.88,1885441.31289,2021-01-25 23:59:59.999000+00:00,2644267236.8971877,1661512,943347.25829,1324815913.9859085,0
2021-01-26 00:00:00+00:00,1317.6,1378.49,1244.56,1365.97,1682923.65799,2021-01-26 23:59:59.999000+00:00,2216751668.392713,1423178,856659.30135,1128968367.8538907,0
2021-01-27 00:00:00+00:00,1366.54,1373.9,1207.0,1239.03,2009772.08358,2021-01-27 23:59:59.999000+00:00,2554649901.074845,1737296,997748.24567,1268777717.4971037,0
2021-01-28 00:00:00+00:00,1238.93,1360.0,1217.23,1329.69,1365269.71962,2021-01-28 23:59:59.999000+00:00,1790490878.1937943,1275024,702526.23919,922191761.3683512,0
2021-01-29 00:00:00+00:00,1329.44,1436.9,1285.35,1379.5,2253963.18682,2021-01-29 23:59:59.999000+00:00,3077996801.2317657,1714076,1126572.38403,1539947796.2074938,0
2021-01-30 00:00:00+00:00,1379.56,1406.0,1326.41,1378.05,1040042.2363,2021-01-30 23:59:59.999000+00:00,1414231402.5438833,1013174,508185.46266,691043000.9994265,0
2021-01-31 00:00:00+00:00,1378.04,1380.74,1281.12,1312.55,958704.85571,2021-01-31 23:59:59.999000+00:00,1276842259.9713488,828176,448756.56134,597602925.7805631,0
2021-02-01 00:00:00+00:00,1312.45,1377.99,1269.99,1374.17,1096397.91862,2021-02-01 23:59:59.999000+00:00,1449463766.7237952,915584,550007.37258,727808340.6755197,0
2021-02-02 00:00:00+00:00,1374.09,1547.9,1360.28,1511.87,1944227.99878,2021-02-02 23:59:59.999000+00:00,2821617332.399785,1614541,986022.09176,1431300798.4302413,0
2021-02-03 00:00:00+00:00,1511.93,1669.35,1508.39,1664.49,1535869.88801,2021-02-03 23:59:59.999000+00:00,2418887041.587561,1384979,793334.97198,1249029451.1419609,0
2021-02-04 00:00:00+00:00,1664.67,1695.2,1554.44,1595.67,1646502.32962,2021-02-04 23:59:59.999000+00:00,2693099602.275608,1507993,825236.64834,1350478681.245404,0
2021-02-05 00:00:00+00:00,1595.53,1760.49,1591.0,1719.19,1194123.29946,2021-02-05 23:59:59.999000+00:00,2011685911.1668868,1326415,600948.63761,1012301493.0861533,0
2021-02-06 00:00:00+00:00,1718.95,1743.67,1642.94,1676.35,1149808.33101,2021-02-06 23:59:59.999000+00:00,1940057857.9438982,1152167,565703.52545,954941828.40178,0
2021-02-07 00:00:00+00:00,1676.35,1693.0,1490.46,1611.62,1281734.86814,2021-02-07 23:59:59.999000+00:00,2044371589.0232766,1263737,618789.69751,987284129.7353907,0
2021-02-08 00:00:00+00:00,1611.46,1775.57,1563.89,1750.15,1339777.09536,2021-02-08 23:59:59.999000+00:00,2255426926.0199776,1372788,677614.29512,1141288384.5474298,0
2021-02-09 00:00:00+00:00,1749.68,1821.88,1708.49,1769.13,1185071.89593,2021-02-09 23:59:59.999000+00:00,2080818891.698905,1173421,593423.36868,1042666171.1807507,0
2021-02-10 00:00:00+00:00,1769.14,1837.86,1680.0,1740.78,1219932.25474,2021-02-10 23:59:59.999000+00:00,2149076144.4076576,1279140,605462.91818,1067949000.5237135,0
2021-02-11 00:00:00+00:00,1740.76,1819.0,1703.44,1785.62,735079.82699,2021-02-11 23:59:59.999000+00:00,1301681871.563269,935602,367056.14118,650153645.4431872,0
2021-02-12 00:00:00+00:00,1785.83,1864.88,1739.88,1840.26,909600.20653,2021-02-12 23:59:59.999000+00:00,1635426867.774093,996495,460779.83709,829217927.344209,0
2021-02-13 00:00:00+00:00,1840.24,1871.72,1765.0,1814.96,767589.07285,2021-02-13 23:59:59.999000+00:00,1395594093.2839975,853189,372008.25141,676531918.543253,0
2021-02-14 00:00:00+00:00,1815.25,1850.0,1784.11,1800.42,675261.77873,2021-02-14 23:59:59.999000+00:00,1230043295.0342839,714827,334005.33344,608556979.1025332,0
2021-02-15 00:00:00+00:00,1800.03,1835.72,1655.67,1779.25,1053474.57879,2021-02-15 23:59:59.999000+00:00,1860338371.897408,1086589,511771.37271,904087834.7542372,0
2021-02-16 00:00:00+00:00,1779.33,1827.28,1724.0,1781.99,817493.47513,2021-02-16 23:59:59.999000+00:00,1455884891.92438,826125,389395.787,693804838.7492043,0
2021-02-17 00:00:00+00:00,1781.99,1855.0,1733.01,1849.88,795711.63311,2021-02-17 23:59:59.999000+00:00,1437546812.9718318,862461,412387.45021,745568293.761723,0
2021-02-18 00:00:00+00:00,1849.7,1950.5,1849.69,1939.61,937227.10191,2021-02-18 23:59:59.999000+00:00,1787383532.102376,1053661,493607.02549,941541216.781136,0
2021-02-19 00:00:00+00:00,1938.91,1972.82,1891.0,1955.0,793404.4115,2021-02-19 23:59:59.999000+00:00,1533991632.129546,988320,388954.85277,752267904.1699667,0
2021-02-20 00:00:00+00:00,1955.46,2042.34,1803.14,1913.0,1261315.81279,2021-02-20 23:59:59.999000+00:00,2493836246.4871454,1329067,624716.42408,1236782122.3446047,0
2021-02-21 00:00:00+00:00,1912.9,1976.31,1883.01,1933.53,756568.19743,2021-02-21 23:59:59.999000+00:00,1467970937.2850723,895138,386132.26661,749271580.5746851,0
2021-02-22 00:00:00+00:00,1933.54,1936.29,1551.0,1777.58,1807244.98099,2021-02-22 23:59:59.999000+00:00,3200483176.9795847,1799926,854014.62953,1513747907.8030388,0
2021-02-23 00:00:00+00:00,1777.42,1782.39,1355.0,1577.89,2547837.82068,2021-02-23 23:59:59.999000+00:00,3931407907.534277,2396626,1231889.46331,1903489088.1439059,0
2021-02-24 00:00:00+00:00,1577.79,1712.7,1500.2,1623.39,1384388.81727,2021-02-24 23:59:59.999000+00:00,2261264845.4650745,1319936,705887.81504,1153792817.1865425,0
2021-02-25 00:00:00+00:00,1623.16,1671.59,1459.16,1481.75,1032670.79409,2021-02-25 23:59:59.999000+00:00,1650582276.871864,1110019,501173.65129,802212265.4535745,0
2021-02-26 00:00:00+00:00,1482.08,1562.25,1400.0,1444.59,1355973.29378,2021-02-26 23:59:59.999000+00:00,2004016547.111193,1298739,662906.93964,979857228.4282846,0
2021-02-27 00:00:00+00:00,1444.56,1529.0,1425.0,1458.13,927423.0475,2021-02-27 23:59:59.999000+00:00,1375946816.3325431,954919,452205.99129,671100313.8001161,0
2021-02-28 00:00:00+00:00,1458.27,1468.75,1293.18,1419.18,1410207.56284,2021-02-28 23:59:59.999000+00:00,1929140046.6462588,1190546,704060.34406,963537938.0773448,0
2021-03-01 00:00:00+00:00,1418.67,1572.0,1409.91,1569.86,1094695.17839,2021-03-01 23:59:59.999000+00:00,1642627276.3105588,989006,568597.04493,853434777.3750483,0
2021-03-02 00:00:00+00:00,1570.0,1602.9,1455.52,1486.78,1061142.38743,2021-03-02 23:59:59.999000+00:00,1627312282.623529,966176,508683.55658,781051077.7385646,0
2021-03-03 00:00:00+00:00,1486.79,1656.94,1475.47,1567.69,1054846.31471,2021-03-03 23:59:59.999000+00:00,1676300215.0458324,1237215,534919.19161,850213871.6866411,0
2021-03-04 00:00:00+00:00,1567.68,1624.87,1506.36,1539.23,946365.67088,2021-03-04 23:59:59.999000+00:00,1476463517.9864872,1125118,468540.00465,731257773.7169954,0
2021-03-05 00:00:00+00:00,1539.22,1548.96,1441.66,1528.31,910786.28976,2021-03-05 23:59:59.999000+00:00,1355798089.272699,1000913,451258.01245,672042056.2406199,0
2021-03-06 00:00:00+00:00,1528.08,1671.58,1513.03,1650.35,1013300.93928,2021-03-06 23:59:59.999000+00:00,1611851701.8240166,1188531,536167.18087,853820036.0928468,0
2021-03-07 00:00:00+00:00,1650.68,1734.16,1630.35,1726.16,848470.78136,2021-03-07 23:59:59.999000+00:00,1414988218.19354,1166072,432388.65922,721395027.1827203,0
2021-03-08 00:00:00+00:00,1726.46,1843.59,1664.96,1833.18,1149711.39987,2021-03-08 23:59:59.999000+00:00,1995142128.6481345,1407402,602217.91071,1046045706.9018365,0
2021-03-09 00:00:00+00:00,1833.22,1870.77,1798.2,1870.51,857229.47855,2021-03-09 23:59:59.999000+00:00,1570286249.4509006,1196670,414078.09328,758575748.3569634,0
2021-03-10 00:00:00+00:00,1870.5,1877.69,1757.0,1795.12,937230.62831,2021-03-10 23:59:59.999000+00:00,1706230875.2676637,1098051,451348.3302,821707575.727272,0
2021-03-11 00:00:00+00:00,1795.28,1846.7,1725.0,1825.78,909011.4961,2021-03-11 23:59:59.999000+00:00,1627027458.0887964,1023958,443744.99114,794476087.9173055,0
2021-03-12 00:00:00+00:00,1825.78,1841.88,1719.72,1766.1,869564.6361,2021-03-12 23:59:59.999000+00:00,1542873062.4201016,1126153,426161.7788,756268155.2595268,0
2021-03-13 00:00:00+00:00,1766.13,1944.3,1727.75,1922.35,926283.22642,2021-03-13 23:59:59.999000+00:00,1718553131.9614732,1265904,471925.04818,875441534.0351523,0
2021-03-14 00:00:00+00:00,1922.35,1933.1,1836.0,1848.1,637963.63627,2021-03-14 23:59:59.999000+00:00,1200354205.603357,963564,301776.22952,567878404.1829317,0
2021-03-15 00:00:00+00:00,1848.1,1891.76,1730.0,1793.48,1025326.79658,2021-03-15 23:59:59.999000+00:00,1842608872.7630599,1496415,511041.33812,918123974.5540835,0
2021-03-16 00:00:00+00:00,1793.99,1819.5,1711.68,1805.12,764993.40147,2021-03-16 23:59:59.999000+00:00,1360127229.789916,987906,388327.71998,690760061.4775399,0
2021-03-17 00:00:00+00:00,1805.01,1838.88,1741.18,1823.58,658349.44843,2021-03-17 23:59:59.999000+00:00,1177718486.9646137,872416,337373.92544,603533782.448005,0
2021-03-18 00:00:00+00:00,1823.58,1850.0,1759.04,1776.08,603721.61056,2021-03-18 23:59:59.999000+00:00,1092346826.5536904,783517,284617.82364,514992961.4272932,0
2021-03-19 00:00:00+00:00,1775.92,1840.61,1733.47,1809.1,500258.42875,2021-03-19 23:59:59.999000+00:00,901801564.202326,703977,250974.49054,452606834.7538839,0
2021-03-20 00:00:00+00:00,1809.01,1868.83,1800.86,1806.1,451556.10639,2021-03-20 23:59:59.999000+00:00,828404987.6527742,743672,230001.04734,421947140.57311445,0
2021-03-21 00:00:00+00:00,1806.57,1817.16,1747.0,1782.98,465953.98749,2021-03-21 23:59:59.999000+00:00,830951276.5130767,748800,227170.16353,405242308.7464666,0
2021-03-22 00:00:00+00:00,1783.23,1807.51,1655.15,1680.97,582727.49081,2021-03-22 23:59:59.999000+00:00,1019780398.7821895,879976,284682.99701,498556293.2724821,0
2021-03-23 00:00:00+00:00,1681.17,1721.17,1650.0,1668.08,577213.99589,2021-03-23 23:59:59.999000+00:00,975522491.0640426,654415,286791.61839,484836342.0061468,0
2021-03-24 00:00:00+00:00,1668.2,1740.86,1536.92,1581.84,753834.52393,2021-03-24 23:59:59.999000+00:00,1251031751.1563811,994542,360806.99166,599730061.1379827,0
2021-03-25 00:00:00+00:00,1581.88,1622.0,1549.4,1585.74,701697.00258,2021-03-25 23:59:59.999000+00:00,1115502879.6291516,778215,357916.02537,569176818.6933715,0
2021-03-26 00:00:00+00:00,1585.83,1699.93,1585.79,1698.84,515470.92907,2021-03-26 23:59:59.999000+00:00,844707873.9147713,650812,265021.0976,434412049.546837,0
2021-03-27 00:00:00+00:00,1698.84,1732.67,1666.41,1712.63,443845.49957,2021-03-27 23:59:59.999000+00:00,753555521.6446562,516929,223163.53,378944599.8136217,0
2021-03-28 00:00:00+00:00,1712.52,1725.66,1661.4,1687.01,348895.51314,2021-03-28 23:59:59.999000+00:00,592836644.5993392,512231,169502.24442,288084679.2831071,0
2021-03-29 00:00:00+00:00,1687.16,1841.0,1677.85,1816.74,647724.46387,2021-03-29 23:59:59.999000+00:00,1148231088.811587,846836,342048.8415,606329959.123471,0
2021-03-30 00:00:00+00:00,1816.76,1859.13,1786.3,1840.46,568842.00526,2021-03-30 23:59:59.999000+00:00,1039262033.3867555,856093,283746.67403,518558427.2436417,0
2021-03-31 00:00:00+00:00,1840.41,1947.29,1768.15,1919.37,746995.8591,2021-03-31 23:59:59.999000+00:00,1387448329.8618674,1040362,377271.88679,700970286.0783392,0
2021-04-01 00:00:00+00:00,1919.37,1984.77,1885.02,1968.05,741585.07266,2021-04-01 23:59:59.999000+00:00,1438751530.7872295,994836,371883.72089,721736727.4450142,0
2021-04-02 00:00:00+00:00,1968.05,2146.0,1948.48,2133.69,846197.93215,2021-04-02 23:59:59.999000+00:00,1719752062.5167284,1218698,436010.09375,886653805.0691665,0
2021-04-03 00:00:00+00:00,2133.69,2138.12,1996.3,2008.52,770176.32192,2021-04-03 23:59:59.999000+00:00,1601516390.5971153,1107620,363187.43008,755374910.2259054,0
2021-04-04 00:00:00+00:00,2008.59,2091.83,1975.24,2075.69,514345.76554,2021-04-04 23:59:59.999000+00:00,1050448906.4424022,818926,263875.56295,538795778.1429204,0
2021-04-05 00:00:00+00:00,2075.7,2130.64,2002.15,2107.38,684923.61494,2021-04-05 23:59:59.999000+00:00,1419084945.8137891,947978,343642.59997,712219066.8657458,0
2021-04-06 00:00:00+00:00,2107.43,2151.0,2044.65,2112.21,673386.05575,2021-04-06 23:59:59.999000+00:00,1420490813.0390558,1106761,332812.25752,702230157.7878639,0
2021-04-07 00:00:00+00:00,2112.22,2129.01,1930.01,1963.47,892984.90422,2021-04-07 23:59:59.999000+00:00,1798606574.0535572,1229155,437902.88352,882121983.6155155,0
2021-04-08 00:00:00+00:00,1963.46,2084.61,1947.35,2080.46,501355.998,2021-04-08 23:59:59.999000+00:00,1015796231.0118822,911403,250910.57734,508200399.2728804,0
2021-04-09 00:00:00+00:00,2080.39,2100.0,2047.57,2066.87,426387.4379,2021-04-09 23:59:59.999000+00:00,885134116.0229065,645172,205375.78451,426445139.8748137,0
2021-04-10 00:00:00+00:00,2067.19,2200.0,2058.0,2133.49,655458.20894,2021-04-10 23:59:59.999000+00:00,1405364881.8583133,1175161,330628.54391,708994754.4852773,0
2021-04-11 00:00:00+00:00,2133.49,2165.02,2113.4,2151.36,392265.50773,2021-04-11 23:59:59.999000+00:00,839653140.9405916,830771,197850.92141,423496403.3909447,0
2021-04-12 00:00:00+00:00,2151.42,2203.46,2102.0,2137.69,579093.35694,2021-04-12 23:59:59.999000+00:00,1244982956.770031,914567,286715.00745,616499175.9046108,0
2021-04-13 00:00:00+00:00,2137.86,2318.0,2135.53,2299.19,782608.6209,2021-04-13 23:59:59.999000+00:00,1745821661.496614,1288668,399098.2072,890600412.464373,0
2021-04-14 00:00:00+00:00,2299.19,2447.29,2281.33,2432.6,972931.60866,2021-04-14 23:59:59.999000+00:00,2294753430.6274076,1554097,495400.5019,1168618278.836883,0
2021-04-15 00:00:00+00:00,2432.59,2543.47,2400.0,2514.04,681950.96645,2021-04-15 23:59:59.999000+00:00,1680063463.6011207,1462768,355972.40197,877438758.0443232,0
2021-04-16 00:00:00+00:00,2514.04,2548.29,2300.0,2422.67,999163.75205,2021-04-16 23:59:59.999000+00:00,2418566593.0473742,1679215,486268.80792,1177128974.4662452,0
2021-04-17 00:00:00+00:00,2422.38,2495.0,2310.0,2317.6,624232.25568,2021-04-17 23:59:59.999000+00:00,1504895144.9122343,1242299,306700.14929,739461805.3209878,0
2021-04-18 00:00:00+00:00,2317.65,2340.0,1946.8,2235.64,1475383.69204,2021-04-18 23:59:59.999000+00:00,3190809322.510461,2113566,722180.39492,1562761985.6647463,0
2021-04-19 00:00:00+00:00,2235.65,2300.0,2080.0,2161.12,820592.26555,2021-04-19 23:59:59.999000+00:00,1800575928.1074944,1411498,405251.54082,889798938.6894947,0
2021-04-20 00:00:00+00:00,2161.12,2346.62,2055.0,2330.03,992240.809,2021-04-20 23:59:59.999000+00:00,2181209665.225936,1478664,500443.49263,1100996922.791374,0
2021-04-21 00:00:00+00:00,2330.26,2469.54,2235.16,2357.06,1177885.8617,2021-04-21 23:59:59.999000+00:00,2771995884.0361485,1905822,587138.28906,1381898508.989419,0
2021-04-22 00:00:00+00:00,2357.06,2644.47,2303.44,2397.94,2220753.09746,2021-04-22 23:59:59.999000+00:00,5508778905.781418,3110597,1124195.46709,2790172132.677034,0
2021-04-23 00:00:00+00:00,2397.94,2442.89,2107.0,2367.39,2532242.44185,2021-04-23 23:59:59.999000+00:00,5719925451.745559,2790382,1244539.8952,2812376010.1441708,0
2021-04-24 00:00:00+00:00,2367.39,2368.74,2154.8,2213.35,997688.94623,2021-04-24 23:59:59.999000+00:00,2246912953.271781,1275474,494456.79061,1113625193.1194513,0
2021-04-25 00:00:00+00:00,2214.08,2356.64,2168.0,2320.49,857517.38218,2021-04-25 23:59:59.999000+00:00,1948978895.4651551,1307545,431554.84567,981153774.0355633,0
2021-04-26 00:00:00+00:00,2320.44,2542.8,2303.64,2532.6,1076469.01367,2021-04-26 23:59:59.999000+00:00,2652330344.662024,1852607,547426.15132,1348633236.6804633,0
2021-04-27 00:00:00+00:00,2532.06,2680.0,2480.29,2666.13,771728.46451,2021-04-27 23:59:59.999000+00:00,1995139023.6148367,1255607,404885.92295,1047010126.5278009,0
2021-04-28 00:00:00+00:00,2666.13,2760.0,2559.44,2748.24,999383.1852,2021-04-28 23:59:59.999000+00:00,2673547154.2008715,1587100,497704.7228,1332642242.7525673,0
2021-04-29 00:00:00+00:00,2748.23,2798.0,2668.0,2757.04,863890.01069,2021-04-29 23:59:59.999000+00:00,2366133509.254801,1379738,428965.61199,1175245479.025322,0
2021-04-30 00:00:00+00:00,2757.04,2798.3,2723.09,2772.42,695339.20482,2021-04-30 23:59:59.999000+00:00,1917297701.0995226,1382521,348038.76271,959914846.7376653,0
2021-05-01 00:00:00+00:00,2772.42,2954.28,2743.41,2944.77,690260.07741,2021-05-01 23:59:59.999000+00:00,1979833188.0652049,1437394,363427.72753,1042474172.8140893,0
2021-05-02 00:00:00+00:00,2944.83,2985.0,2852.26,2949.56,571982.5445,2021-05-02 23:59:59.999000+00:00,1672310882.244701,1132280,294479.86893,861215743.5882931,0
2021-05-03 00:00:00+00:00,2949.33,3454.0,2949.32,3431.04,1329088.0628,2021-05-03 23:59:59.999000+00:00,4243786480.4151516,2502746,689402.61551,2199717718.4532933,0
2021-05-04 00:00:00+00:00,3431.04,3527.0,3160.0,3239.01,1826039.38558,2021-05-04 23:59:59.999000+00:00,6103102520.709462,3634236,913493.51765,3054026099.651378,0
2021-05-05 00:00:00+00:00,3239.01,3549.34,3200.23,3524.26,1174816.73588,2021-05-05 23:59:59.999000+00:00,3955994776.901158,2224441,581159.24143,1957116423.5450509,0
2021-05-06 00:00:00+00:00,3524.33,3605.4,3376.47,3489.73,920592.57706,2021-05-06 23:59:59.999000+00:00,3213427394.777265,1703109,457348.26339,1596792938.7543738,0
2021-05-07 00:00:00+00:00,3489.74,3587.0,3353.23,3479.53,760544.64781,2021-05-07 23:59:59.999000+00:00,2641740668.4696465,1382532,373468.63998,1297499899.4079983,0
2021-05-08 00:00:00+00:00,3479.79,3958.33,3449.27,3910.26,1130467.54852,2021-05-08 23:59:59.999000+00:00,4170897763.922394,2146967,576465.81586,2128434949.103605,0
2021-05-09 00:00:00+00:00,3910.26,3983.65,3726.08,3923.95,1000401.0082,2021-05-09 23:59:59.999000+00:00,3885039042.663707,2289303,501191.98456,1946904544.3583481,0
2021-05-10 00:00:00+00:00,3923.95,4208.0,3650.0,3945.88,1505897.92612,2021-05-10 23:59:59.999000+00:00,6079977785.4113865,3033133,745235.17136,3010349053.857574,0
2021-05-11 00:00:00+00:00,3946.63,4180.22,3771.64,4173.45,1095927.10403,2021-05-11 23:59:59.999000+00:00,4350260231.588787,2290977,546195.67057,2169036982.2185607,0
2021-05-12 00:00:00+00:00,4173.46,4372.72,3701.58,3823.21,1601842.74017,2021-05-12 23:59:59.999000+00:00,6673102683.974241,3188941,781569.68782,3259590092.4730773,0
2021-05-13 00:00:00+00:00,3810.15,4034.77,3500.0,3717.91,2068708.17427,2021-05-13 23:59:59.999000+00:00,7846531159.419686,3943562,1019129.41961,3869202428.6140804,0
2021-05-14 00:00:00+00:00,3717.92,4173.28,3691.35,4075.01,1153390.42631,2021-05-14 23:59:59.999000+00:00,4569415542.247888,2227244,589306.03131,2332631768.0700326,0
2021-05-15 00:00:00+00:00,4075.02,4134.05,3632.0,3646.68,1039174.88082,2021-05-15 23:59:59.999000+00:00,4030586492.9649377,2055345,498020.66776,1932010797.3563282,0
2021-05-16 00:00:00+00:00,3646.24,3879.0,3343.06,3582.1,1324065.65875,2021-05-16 23:59:59.999000+00:00,4788918304.497996,2532983,633005.25035,2292116232.8254237,0
2021-05-17 00:00:00+00:00,3581.81,3587.06,3102.0,3282.51,1904012.43998,2021-05-17 23:59:59.999000+00:00,6401071580.734825,2885352,933732.36068,3143594982.023329,0
2021-05-18 00:00:00+00:00,3282.25,3565.71,3240.0,3375.07,1287110.84143,2021-05-18 23:59:59.999000+00:00,4392873871.822427,2143887,648040.21083,2211619486.7345457,0
2021-05-19 00:00:00+00:00,3375.08,3441.73,1888.0,2438.92,4309836.31939,2021-05-19 23:59:59.999000+00:00,11641524166.98746,5548968,2090952.35775,5659752851.777948,0
2021-05-20 00:00:00+00:00,2438.92,2990.05,2155.0,2768.62,2942777.9301,2021-05-20 23:59:59.999000+00:00,7750201898.667442,4243052,1465674.26337,3868330692.8013415,0
2021-05-21 00:00:00+00:00,2767.87,2938.54,2101.0,2430.98,2727031.93514,2021-05-21 23:59:59.999000+00:00,6898701128.841129,3676164,1340165.22786,3393349822.1647105,0
2021-05-22 00:00:00+00:00,2430.98,2485.0,2145.0,2294.87,1684318.01157,2021-05-22 23:59:59.999000+00:00,3934313840.470727,2484734,822180.46988,1920309768.1238778,0
2021-05-23 00:00:00+00:00,2295.45,2381.57,1728.74,2096.39,2914548.73125,2021-05-23 23:59:59.999000+00:00,5907260139.54496,3761018,1410830.44221,2862585215.1775413,0
2021-05-24 00:00:00+00:00,2096.63,2675.0,2079.94,2648.43,2186632.92245,2021-05-24 23:59:59.999000+00:00,5180244966.721231,3299296,1103328.42714,2619744995.6376796,0
2021-05-25 00:00:00+00:00,2647.92,2750.0,2378.54,2705.11,2115349.50445,2021-05-25 23:59:59.999000+00:00,5442737549.40126,2976859,1050034.53412,2703460213.3438673,0
2021-05-26 00:00:00+00:00,2705.1,2910.0,2643.0,2884.94,1583799.59251,2021-05-26 23:59:59.999000+00:00,4416389128.58148,2726537,786524.11588,2193352742.234336,0
2021-05-27 00:00:00+00:00,2884.82,2889.74,2633.68,2742.23,1099029.91206,2021-05-27 23:59:59.999000+00:00,3033719144.3402123,1732113,540641.23243,1493018236.9716177,0
2021-05-28 00:00:00+00:00,2742.23,2762.45,2327.38,2412.1,1554584.61362,2021-05-28 23:59:59.999000+00:00,3934662309.044423,2184249,763125.86389,1931909198.7690516,0
2021-05-29 00:00:00+00:00,2412.34,2574.27,2204.1,2278.74,1379427.18851,2021-05-29 23:59:59.999000+00:00,3288804154.8318715,1887733,681047.48538,1625990815.6297283,0
2021-05-30 00:00:00+00:00,2278.74,2476.42,2180.53,2385.98,1151113.19883,2021-05-30 23:59:59.999000+00:00,2726606138.6317167,1519005,577190.77662,1368058965.0840323,0
2021-05-31 00:00:00+00:00,2385.82,2720.0,2271.44,2706.15,1307958.04068,2021-05-31 23:59:59.999000+00:00,3277131772.1340704,1849177,661801.72603,1660383324.5955362,0
2021-06-01 00:00:00+00:00,2706.15,2740.0,2523.74,2634.57,1179577.10806,2021-06-01 23:59:59.999000+00:00,3081355010.953452,1790186,575201.66943,1503196035.623285,0
2021-06-02 00:00:00+00:00,2634.31,2802.99,2550.0,2706.22,970070.53563,2021-06-02 23:59:59.999000+00:00,2616566301.6287875,1349232,481481.7217,1299176997.0039196,0
2021-06-03 00:00:00+00:00,2706.21,2891.95,2662.4,2857.25,1024290.89423,2021-06-03 23:59:59.999000+00:00,2874856613.490244,1620340,500895.12021,1405843557.4623542,0
2021-06-04 00:00:00+00:00,2857.25,2860.0,2552.0,2689.51,1188314.11191,2021-06-04 23:59:59.999000+00:00,3175186750.490876,1775946,580744.67311,1551953930.2872362,0
2021-06-05 00:00:00+00:00,2689.54,2816.87,2552.23,2627.73,961824.12413,2021-06-05 23:59:59.999000+00:00,2575726370.430859,1670498,485392.70366,1300138730.3691773,0
2021-06-06 00:00:00+00:00,2627.63,2745.0,2614.0,2711.92,673792.69369,2021-06-06 23:59:59.999000+00:00,1814112037.5335104,1336460,330313.64976,889529103.1930318,0
2021-06-07 00:00:00+00:00,2711.92,2847.55,2570.0,2592.05,1152128.07856,2021-06-07 23:59:59.999000+00:00,3149245176.9112635,1926275,577620.94623,1579210256.0021946,0
2021-06-08 00:00:00+00:00,2592.05,2620.99,2304.91,2507.23,1693747.42759,2021-06-08 23:59:59.999000+00:00,4201646662.8817344,2128256,825822.24736,2049450576.8071203,0
2021-06-09 00:00:00+00:00,2507.43,2626.63,2405.28,2610.18,1276718.24011,2021-06-09 23:59:59.999000+00:00,3223323188.070379,1763686,628336.14933,1586470728.7592204,0
2021-06-10 00:00:00+00:00,2610.2,2624.46,2425.11,2471.09,741237.49926,2021-06-10 23:59:59.999000+00:00,1874571746.4354446,978237,363431.81896,918906133.8856995,0
2021-06-11 00:00:00+00:00,2471.01,2497.99,2321.37,2354.01,587364.27358,2021-06-11 23:59:59.999000+00:00,1424975261.8077207,885172,283123.21039,687294443.9824528,0
2021-06-12 00:00:00+00:00,2354.09,2454.53,2256.22,2370.74,767439.4984,2021-06-12 23:59:59.999000+00:00,1807036943.9986243,1127302,387478.69595,912817435.7895497,0
2021-06-13 00:00:00+00:00,2370.64,2548.41,2308.41,2509.33,715948.75986,2021-06-13 23:59:59.999000+00:00,1724097564.334307,1217504,362663.11262,873887342.4001299,0
2021-06-14 00:00:00+00:00,2509.33,2609.17,2461.0,2580.77,684183.55622,2021-06-14 23:59:59.999000+00:00,1730260219.1338103,1118498,344642.00777,871859785.3777082,0
2021-06-15 00:00:00+00:00,2580.58,2640.0,2507.7,2543.54,599826.64933,2021-06-15 23:59:59.999000+00:00,1548303436.0627651,1044834,296745.7672,766423377.3833216,0
2021-06-16 00:00:00+00:00,2543.55,2556.19,2351.18,2367.89,624741.78358,2021-06-16 23:59:59.999000+00:00,1533734359.4130068,896073,284039.92262,698017754.3540518,0
2021-06-17 00:00:00+00:00,2368.02,2460.5,2306.0,2373.28,560667.58566,2021-06-17 23:59:59.999000+00:00,1338389545.0014825,961448,270180.83506,645226707.8364276,0
2021-06-18 00:00:00+00:00,2373.28,2378.0,2139.0,2234.09,778905.20197,2021-06-18 23:59:59.999000+00:00,1758827532.8833416,1067542,371196.26583,838571112.1778259,0
2021-06-19 00:00:00+00:00,2234.09,2278.82,2161.67,2164.67,496872.24997,2021-06-19 23:59:59.999000+00:00,1104923869.4185991,763820,247263.46485,550102564.5556563,0
2021-06-20 00:00:00+00:00,2165.34,2280.01,2040.68,2243.47,743883.64741,2021-06-20 23:59:59.999000+00:00,1599009750.5269032,1035537,372014.61158,800346451.8622458,0
2021-06-21 00:00:00+00:00,2243.49,2260.16,1865.54,1885.49,1629819.66576,2021-06-21 23:59:59.999000+00:00,3252129521.677504,2014010,790387.70091,1576559907.5741658,0
2021-06-22 00:00:00+00:00,1885.27,1998.0,1700.48,1879.28,1695338.08052,2021-06-22 23:59:59.999000+00:00,3158928001.131145,1856357,836934.44825,1561415491.3361254,0
2021-06-23 00:00:00+00:00,1879.29,2045.0,1821.95,1968.14,918612.30494,2021-06-23 23:59:59.999000+00:00,1817518228.9100707,1141790,462271.19818,914984412.7312152,0
2021-06-24 00:00:00+00:00,1967.95,2036.61,1884.79,1989.52,701231.67478,2021-06-24 23:59:59.999000+00:00,1377799766.499455,833337,344155.41659,676304789.1846559,0
2021-06-25 00:00:00+00:00,1989.53,2019.99,1791.22,1808.82,858808.54767,2021-06-25 23:59:59.999000+00:00,1612556879.1072812,1041338,408120.68053,766594867.4201661,0
2021-06-26 00:00:00+00:00,1808.97,1852.8,1717.32,1829.64,832315.14904,2021-06-26 23:59:59.999000+00:00,1478550576.564645,923226,407180.66965,723391264.7348672,0
2021-06-27 00:00:00+00:00,1829.84,1984.5,1804.26,1982.28,696055.79307,2021-06-27 23:59:59.999000+00:00,1299521992.0717993,1091206,354611.53419,662881681.770634,0
2021-06-28 00:00:00+00:00,1982.27,2145.0,1960.52,2084.41,1044244.68308,2021-06-28 23:59:59.999000+00:00,2138998047.877628,1657087,541464.02542,1109375130.9563096,0
2021-06-29 00:00:00+00:00,2084.42,2245.0,2073.57,2165.33,831257.23277,2021-06-29 23:59:59.999000+00:00,1804733069.982989,1536044,421410.27571,915112793.5954355,0
2021-06-30 00:00:00+00:00,2165.46,2287.78,2087.99,2275.68,910583.6032,2021-06-30 23:59:59.999000+00:00,1973676680.8731267,1464112,455834.94051,988252389.8537891,0
2021-07-01 00:00:00+00:00,2275.68,2275.93,2073.12,2106.41,787865.25137,2021-07-01 23:59:59.999000+00:00,1688043308.1272573,1414518,384175.37542,822709363.8629833,0
2021-07-02 00:00:00+00:00,2106.41,2160.0,2018.5,2154.13,672282.37476,2021-07-02 23:59:59.999000+00:00,1397269246.2664564,862561,337006.28168,700715966.082419,0
2021-07-03 00:00:00+00:00,2153.95,2240.0,2112.01,2226.99,569264.801,2021-07-03 23:59:59.999000+00:00,1248888441.2531536,922576,295114.62138,647377288.8497531,0
2021-07-04 00:00:00+00:00,2226.99,2389.93,2189.58,2322.69,590656.25069,2021-07-04 23:59:59.999000+00:00,1365904900.349907,1204553,301461.36172,697045137.9373571,0
2021-07-05 00:00:00+00:00,2322.69,2324.64,2157.32,2196.53,781806.31605,2021-07-05 23:59:59.999000+00:00,1753862827.3791046,1264204,376068.64852,843863080.0280032,0
2021-07-06 00:00:00+00:00,2196.85,2350.0,2193.0,2322.5,785330.17152,2021-07-06 23:59:59.999000+00:00,1803108194.4684093,1326163,394638.45053,905951763.471528,0
2021-07-07 00:00:00+00:00,2322.51,2409.0,2291.9,2316.57,666501.35572,2021-07-07 23:59:59.999000+00:00,1570553094.637571,1113578,341514.34243,804702677.2747095,0
2021-07-08 00:00:00+00:00,2316.25,2325.6,2084.79,2116.33,880265.04124,2021-07-08 23:59:59.999000+00:00,1926184139.309848,1234614,430334.02257,941278322.1307552,0
2021-07-09 00:00:00+00:00,2116.32,2189.4,2046.51,2146.99,738611.36304,2021-07-09 23:59:59.999000+00:00,1568646237.310995,867603,376374.9264,799855032.1068395,0
2021-07-10 00:00:00+00:00,2146.99,2194.82,2074.16,2110.69,499071.85904,2021-07-10 23:59:59.999000+00:00,1058023794.511424,646476,244207.37542,517802339.24897593,0
2021-07-11 00:00:00+00:00,2110.68,2174.0,2081.02,2140.45,342294.40302,2021-07-11 23:59:59.999000+00:00,727911535.268998,479138,175830.75143,374053441.9544357,0
2021-07-12 00:00:00+00:00,2140.54,2167.83,2006.68,2031.58,540630.10742,2021-07-12 23:59:59.999000+00:00,1126108847.3713694,725803,259649.61299,541195461.2027713,0
2021-07-13 00:00:00+00:00,2031.57,2047.35,1918.0,1940.15,647388.24969,2021-07-13 23:59:59.999000+00:00,1287490852.461495,902810,316356.56219,629467223.5950301,0
2021-07-14 00:00:00+00:00,1940.44,2019.18,1865.0,1994.58,690505.60937,2021-07-14 23:59:59.999000+00:00,1342931974.3496463,936438,340257.8567,661765917.4307932,0
2021-07-15 00:00:00+00:00,1994.41,2042.88,1881.0,1919.51,645271.32563,2021-07-15 23:59:59.999000+00:00,1251834409.941772,865033,327273.48478,635240853.6881751,0
2021-07-16 00:00:00+00:00,1919.54,1965.0,1850.0,1876.26,577068.89724,2021-07-16 23:59:59.999000+00:00,1097832472.3221335,721120,281955.46534,536656638.66655445,0
2021-07-17 00:00:00+00:00,1876.47,1919.19,1844.45,1899.59,430300.51578,2021-07-17 23:59:59.999000+00:00,810628641.2579023,576008,216291.07537,407705129.4338168,0
2021-07-18 00:00:00+00:00,1899.5,1993.79,1877.1,1891.64,534837.63654,2021-07-18 23:59:59.999000+00:00,1038104997.5220177,768528,265665.55659,515762272.12334466,0
2021-07-19 00:00:00+00:00,1891.65,1919.0,1805.0,1818.73,547419.93771,2021-07-19 23:59:59.999000+00:00,1011627398.9238826,641063,251885.98865,465870373.918487,0
2021-07-20 00:00:00+00:00,1818.73,1841.34,1706.0,1786.03,786257.272,2021-07-20 23:59:59.999000+00:00,1386498470.3401668,943640,361612.01276,638066651.1050907,0
2021-07-21 00:00:00+00:00,1786.03,2035.23,1747.55,1995.5,1115949.82033,2021-07-21 23:59:59.999000+00:00,2138345813.7854447,1304423,572242.67732,1096535844.2912285,0
2021-07-22 00:00:00+00:00,1995.5,2046.0,1947.62,2024.56,768854.3659,2021-07-22 23:59:59.999000+00:00,1536669128.5204518,1074800,380631.63083,760682754.9789101,0
2021-07-23 00:00:00+00:00,2024.27,2130.9,1993.22,2124.25,708160.91322,2021-07-23 23:59:59.999000+00:00,1455496732.0516539,1035643,369453.14045,759725736.552947,0
2021-07-24 00:00:00+00:00,2124.26,2199.5,2105.58,2184.75,633075.18592,2021-07-24 23:59:59.999000+00:00,1360667031.9830072,1056670,325598.83875,699891567.7571777,0
2021-07-25 00:00:00+00:00,2184.9,2197.41,2105.93,2189.79,535630.27,2021-07-25 23:59:59.999000+00:00,1154562327.6539447,941623,264032.01071,569308146.3799201,0
2021-07-26 00:00:00+00:00,2189.82,2433.65,2171.57,2228.08,1393738.163,2021-07-26 23:59:59.999000+00:00,3222622416.2567244,2252910,700749.72547,1620304810.082424,0
2021-07-27 00:00:00+00:00,2227.81,2319.26,2150.5,2299.49,906359.23478,2021-07-27 23:59:59.999000+00:00,2025582065.4137945,1502763,453060.9884,1012813193.018728,0
2021-07-28 00:00:00+00:00,2299.47,2345.0,2243.15,2300.9,718202.57727,2021-07-28 23:59:59.999000+00:00,1649860557.2934496,1287050,354056.40824,813646516.7585101,0
2021-07-29 00:00:00+00:00,2300.9,2400.0,2266.12,2382.92,499364.83496,2021-07-29 23:59:59.999000+00:00,1157988358.946293,1036449,256551.90722,595101393.8037223,0
2021-07-30 00:00:00+00:00,2382.93,2471.7,2315.92,2461.81,762577.28797,2021-07-30 23:59:59.999000+00:00,1824191451.558631,1428312,392130.06114,938693364.8598524,0
2021-07-31 00:00:00+00:00,2461.77,2553.86,2420.68,2531.05,507601.05026,2021-07-31 23:59:59.999000+00:00,1253810139.138371,1007386,260698.67822,644275659.9179009,0
2021-08-01 00:00:00+00:00,2531.1,2697.61,2511.24,2555.69,853495.94078,2021-08-01 23:59:59.999000+00:00,2217485596.778454,1810440,424598.26467,1103204692.3483703,0
2021-08-02 00:00:00+00:00,2555.5,2666.0,2507.0,2606.93,726701.84952,2021-08-02 23:59:59.999000+00:00,1887684672.4710493,1596914,349146.53842,907116380.7113304,0
2021-08-03 00:00:00+00:00,2606.92,2632.44,2442.32,2509.04,792960.84375,2021-08-03 23:59:59.999000+00:00,1986976146.0041504,1701919,379722.87711,951417932.12994,0
2021-08-04 00:00:00+00:00,2508.51,2772.71,2457.68,2724.78,954590.7536,2021-08-04 23:59:59.999000+00:00,2498364633.894655,1839302,487804.51345,1277999531.4875937,0
2021-08-05 00:00:00+00:00,2724.55,2843.98,2529.91,2826.99,1307720.20654,2021-08-05 23:59:59.999000+00:00,3553456266.7719693,2690052,667954.4434,1816958298.9456925,0
2021-08-06 00:00:00+00:00,2827.01,2946.75,2720.06,2891.58,825399.48637,2021-08-06 23:59:59.999000+00:00,2334160884.125929,1873337,414224.32756,1171841746.7253795,0
2021-08-07 00:00:00+00:00,2891.54,3171.0,2865.5,3160.31,1205277.10095,2021-08-07 23:59:59.999000+00:00,3673732670.3173537,2318608,626027.34275,1908033758.046348,0
2021-08-08 00:00:00+00:00,3160.48,3189.99,2949.03,3011.85,966349.70579,2021-08-08 23:59:59.999000+00:00,2979960615.1300263,1771162,483981.14361,1494356685.81815,0
2021-08-09 00:00:00+00:00,3011.84,3186.0,2893.23,3160.52,1129584.61614,2021-08-09 23:59:59.999000+00:00,3453771928.060336,2114151,561464.36607,1719164995.6906047,0
2021-08-10 00:00:00+00:00,3160.51,3233.0,3051.22,3141.66,880675.74443,2021-08-10 23:59:59.999000+00:00,2763516346.6677885,1824522,446954.52251,1403643255.700469,0
2021-08-11 00:00:00+00:00,3141.14,3274.0,3120.27,3160.5,732546.60433,2021-08-11 23:59:59.999000+00:00,2351996141.7972207,1786853,363763.55938,1168247882.8953278,0
2021-08-12 00:00:00+00:00,3160.4,3239.0,2979.29,3045.96,737628.45808,2021-08-12 23:59:59.999000+00:00,2283938414.771762,1587719,349848.69183,1083322209.190179,0
2021-08-13 00:00:00+00:00,3046.11,3327.83,3033.8,3322.32,579333.40323,2021-08-13 23:59:59.999000+00:00,1867199038.7077763,1311322,302432.48843,975151109.1948576,0
2021-08-14 00:00:00+00:00,3322.33,3330.98,3200.0,3263.16,486102.53787,2021-08-14 23:59:59.999000+00:00,1587713825.686179,1014420,237085.55544,774933248.7153627,0
2021-08-15 00:00:00+00:00,3263.16,3320.0,3111.13,3307.09,565579.67765,2021-08-15 23:59:59.999000+00:00,1813755247.625386,1224556,278202.49839,892667696.2892821,0
2021-08-16 00:00:00+00:00,3307.35,3335.0,3135.22,3146.53,635667.05422,2021-08-16 23:59:59.999000+00:00,2062860388.3954492,1940766,299737.20397,973748229.973464,0
2021-08-17 00:00:00+00:00,3147.18,3290.0,2991.89,3011.72,804996.06971,2021-08-17 23:59:59.999000+00:00,2535149204.5375986,1644472,374586.04818,1180969163.5711126,0
2021-08-18 00:00:00+00:00,3011.73,3125.81,2950.0,3014.55,625103.25568,2021-08-18 23:59:59.999000+00:00,1902429362.9636242,1093813,312124.66699,950560051.1196573,0
2021-08-19 00:00:00+00:00,3014.18,3188.0,2958.33,3184.12,634769.92174,2021-08-19 23:59:59.999000+00:00,1931520693.6103961,1297759,323213.07804,984487319.539263,0
2021-08-20 00:00:00+00:00,3184.11,3300.0,3177.16,3284.82,558127.4554,2021-08-20 23:59:59.999000+00:00,1809283029.2179065,1137843,279786.28754,907257350.5530814,0
2021-08-21 00:00:00+00:00,3284.81,3309.16,3207.0,3223.43,421156.09084,2021-08-21 23:59:59.999000+00:00,1375973641.1631632,777622,211442.3087,691281509.7907203,0
2021-08-22 00:00:00+00:00,3223.36,3272.0,3126.42,3238.0,406479.07654,2021-08-22 23:59:59.999000+00:00,1304347038.571357,803263,200170.96021,642534234.4598523,0
2021-08-23 00:00:00+00:00,3238.0,3377.89,3230.02,3321.28,602103.44614,2021-08-23 23:59:59.999000+00:00,2000534992.1483488,1520784,307844.29088,1023003561.2471209,0
2021-08-24 00:00:00+00:00,3321.28,3357.85,3147.31,3170.62,540480.07853,2021-08-24 23:59:59.999000+00:00,1758604481.599847,984324,255974.71494,833541906.1232423,0
2021-08-25 00:00:00+00:00,3170.63,3248.0,3080.0,3226.87,483697.69444,2021-08-25 23:59:59.999000+00:00,1534476278.2531996,1031704,237587.76403,754272690.4561902,0
2021-08-26 00:00:00+00:00,3226.88,3250.0,3053.3,3093.2,442298.47372,2021-08-26 23:59:59.999000+00:00,1382397989.4504704,959232,210645.9104,658517127.7445049,0
2021-08-27 00:00:00+00:00,3093.06,3280.0,3060.18,3273.45,451027.80711,2021-08-27 23:59:59.999000+00:00,1434311977.245256,802187,231317.4704,735958225.3697007,0
2021-08-28 00:00:00+00:00,3273.89,3287.0,3210.31,3244.48,262360.34921,2021-08-28 23:59:59.999000+00:00,850631439.0532795,539377,128912.53425,418041843.9212773,0
2021-08-29 00:00:00+00:00,3244.75,3285.0,3152.34,3223.47,335806.7827,2021-08-29 23:59:59.999000+00:00,1078681950.902087,661232,168361.7531,541070972.50378,0
2021-08-30 00:00:00+00:00,3223.47,3347.95,3143.0,3229.64,625347.27541,2021-08-30 23:59:59.999000+00:00,2027490192.4973872,1228525,317195.90286,1029315993.394146,0
2021-08-31 00:00:00+00:00,3229.14,3476.0,3188.77,3429.2,863071.13092,2021-08-31 23:59:59.999000+00:00,2895209449.7077646,1772849,431197.75023,1446458670.566067,0
2021-09-01 00:00:00+00:00,3429.19,3842.0,3382.22,3826.82,845759.95868,2021-09-01 23:59:59.999000+00:00,3038498667.85424,2022132,445083.48573,1600713524.7388706,0
2021-09-02 00:00:00+00:00,3826.82,3836.8,3717.04,3785.82,525165.7996,2021-09-02 23:59:59.999000+00:00,1981758437.085756,1402190,255406.3611,963939552.296903,0
2021-09-03 00:00:00+00:00,3785.82,4027.88,3705.05,3938.11,655903.75739,2021-09-03 23:59:59.999000+00:00,2557662974.330016,1678132,334965.95109,1306320160.6493838,0
2021-09-04 00:00:00+00:00,3938.11,3970.0,3832.5,3885.52,364478.1193,2021-09-04 23:59:59.999000+00:00,1422981232.233712,996623,176186.7034,688072330.17936,0
2021-09-05 00:00:00+00:00,3885.61,3980.0,3830.0,3950.29,365759.8597,2021-09-05 23:59:59.999000+00:00,1432553302.476841,1083584,187163.4226,733284736.185792,0
2021-09-06 00:00:00+00:00,3950.28,3970.0,3864.3,3926.77,397768.5783,2021-09-06 23:59:59.999000+00:00,1562560096.3757699,865160,199177.0547,782756030.92282,0
2021-09-07 00:00:00+00:00,3926.67,3947.15,3005.0,3434.57,1203536.00209,2021-09-07 23:59:59.999000+00:00,4298119218.282753,2359100,567117.08258,2025608219.4950175,0
2021-09-08 00:00:00+00:00,3434.84,3560.0,3215.16,3499.0,780611.7657,2021-09-08 23:59:59.999000+00:00,2665272033.9801083,1783652,385803.0214,1318127754.089355,0
2021-09-09 00:00:00+00:00,3499.01,3567.06,3390.4,3424.93,628553.8831,2021-09-09 23:59:59.999000+00:00,2194182935.3386383,1147283,313804.0919,1095691059.372896,0
2021-09-10 00:00:00+00:00,3424.94,3514.11,3150.0,3208.86,633026.2659,2021-09-10 23:59:59.999000+00:00,2107283581.30531,1128069,312620.0773,1041506592.916316,0
2021-09-11 00:00:00+00:00,3208.85,3348.37,3200.0,3267.21,413524.1761,2021-09-11 23:59:59.999000+00:00,1355587141.453793,833958,207506.7378,680210107.377414,0
2021-09-12 00:00:00+00:00,3267.1,3474.16,3231.1,3404.21,408858.9595,2021-09-12 23:59:59.999000+00:00,1379322044.6976311,1089138,203397.6282,686413591.484902,0
2021-09-13 00:00:00+00:00,3404.3,3430.3,3108.49,3285.35,647855.7199,2021-09-13 23:59:59.999000+00:00,2103663103.0677478,1363198,311994.072,1013528553.212599,0
2021-09-14 00:00:00+00:00,3285.09,3437.05,3269.95,3434.37,373634.9026,2021-09-14 23:59:59.999000+00:00,1249733657.132103,894664,187175.3987,626226181.393532,0
2021-09-15 00:00:00+00:00,3434.37,3616.16,3357.78,3613.55,428507.5278,2021-09-15 23:59:59.999000+00:00,1486156273.791875,977023,216020.2616,749354190.4142289,0
2021-09-16 00:00:00+00:00,3613.55,3676.28,3481.14,3567.98,467985.4919,2021-09-16 23:59:59.999000+00:00,1680487713.224465,1081868,231345.773,831073629.504893,0
2021-09-17 00:00:00+00:00,3567.97,3594.17,3350.07,3399.81,398888.3705,2021-09-17 23:59:59.999000+00:00,1383268101.5178862,867583,195646.9993,678415330.9529511,0
2021-09-18 00:00:00+00:00,3399.89,3541.96,3368.88,3435.64,315162.7627,2021-09-18 23:59:59.999000+00:00,1090387917.429689,692204,154824.5614,535810347.47977906,0
2021-09-19 00:00:00+00:00,3435.64,3456.53,3277.74,3328.62,312948.0013,2021-09-19 23:59:59.999000+00:00,1052980779.84908,687285,151230.7096,509076793.30780894,0
2021-09-20 00:00:00+00:00,3328.57,3347.82,2913.39,2977.28,917939.57849,2021-09-20 23:59:59.999000+00:00,2834781758.892615,1708278,438137.50219,1353089301.934755,0
2021-09-21 00:00:00+00:00,2977.32,3105.83,2652.0,2765.9,971519.88941,2021-09-21 23:59:59.999000+00:00,2827179157.4349656,1754962,468088.16275,1365275107.8553398,0
2021-09-22 00:00:00+00:00,2766.72,3088.88,2737.54,3076.92,677457.64825,2021-09-22 23:59:59.999000+00:00,1993084668.614384,1200519,356419.52515,1049114512.68168,0
2021-09-23 00:00:00+00:00,3076.92,3174.5,3033.85,3152.5,459293.8858,2021-09-23 23:59:59.999000+00:00,1428616217.718121,885568,230448.3995,716904113.011812,0
2021-09-24 00:00:00+00:00,3152.41,3158.52,2733.0,2928.53,932090.8856,2021-09-24 23:59:59.999000+00:00,2715718192.370976,1607374,447178.1607,1302897206.37027,0
2021-09-25 00:00:00+00:00,2928.22,2967.52,2801.57,2921.73,491974.0226,2021-09-25 23:59:59.999000+00:00,1428143403.478111,934301,245314.6092,712408056.645926,0
2021-09-26 00:00:00+00:00,2921.84,3115.51,2738.17,3059.37,703594.478,2021-09-26 23:59:59.999000+00:00,2062409598.8948762,1347301,346152.9053,1015957876.595305,0
2021-09-27 00:00:00+00:00,3059.36,3164.94,2922.71,2925.59,510130.7319,2021-09-27 23:59:59.999000+00:00,1564096695.372967,1043885,249913.2903,766484764.1360419,0
2021-09-28 00:00:00+00:00,2924.76,2970.82,2789.0,2804.91,511325.4643,2021-09-28 23:59:59.999000+00:00,1477983245.669702,928494,250476.1527,724263328.0029689,0
2021-09-29 00:00:00+00:00,2805.15,2950.0,2782.0,2850.45,411305.0893,2021-09-29 23:59:59.999000+00:00,1180681056.162314,748804,207837.6036,596539497.02346,0
2021-09-30 00:00:00+00:00,2850.45,3048.42,2837.19,3000.61,506896.7612,2021-09-30 23:59:59.999000+00:00,1514341937.3071163,992243,255146.8926,762091704.426968,0
2021-10-01 00:00:00+00:00,3000.62,3330.0,2969.07,3309.91,648714.6151,2021-10-01 23:59:59.999000+00:00,2063112280.6677914,1446386,336578.1769,1070284895.056629,0
2021-10-02 00:00:00+00:00,3309.91,3469.0,3257.0,3387.76,422551.1811,2021-10-02 23:59:59.999000+00:00,1417055615.816637,1046194,215469.0975,722876150.3671501,0
2021-10-03 00:00:00+00:00,3387.77,3488.0,3342.51,3417.73,360586.8905,2021-10-03 23:59:59.999000+00:00,1231536168.315363,816339,183173.9282,625701691.951877,0
2021-10-04 00:00:00+00:00,3417.73,3437.19,3270.0,3386.31,485204.642,2021-10-04 23:59:59.999000+00:00,1631562261.554976,1090407,234726.4574,789540744.9034591,0
2021-10-05 00:00:00+00:00,3386.31,3545.0,3363.78,3515.27,393900.8818,2021-10-05 23:59:59.999000+00:00,1355905889.6109471,1025512,198949.7787,684720843.632569,0
2021-10-06 00:00:00+00:00,3515.48,3632.11,3342.0,3574.89,618265.5402,2021-10-06 23:59:59.999000+00:00,2172519696.562985,1444856,309931.1456,1089939304.811416,0
2021-10-07 00:00:00+00:00,3574.88,3653.98,3470.8,3587.47,486102.3591,2021-10-07 23:59:59.999000+00:00,1736906584.27609,1252503,243095.0309,868883834.3019049,0
2021-10-08 00:00:00+00:00,3587.47,3695.0,3532.0,3563.13,403597.1437,2021-10-08 23:59:59.999000+00:00,1455713871.2882829,1084792,199496.5173,719958341.956916,0
2021-10-09 00:00:00+00:00,3563.13,3635.0,3538.07,3574.82,361906.7514,2021-10-09 23:59:59.999000+00:00,1299757023.4991632,1175683,181998.6895,653707840.812712,0
2021-10-10 00:00:00+00:00,3574.83,3604.0,3405.0,3414.22,580223.6302,2021-10-10 23:59:59.999000+00:00,2049128230.3442593,1765439,283364.0936,1001342447.915331,0
2021-10-11 00:00:00+00:00,3414.22,3623.8,3371.0,3542.12,493521.882,2021-10-11 23:59:59.999000+00:00,1743391083.658808,1110340,241854.8172,853789828.787545,0
2021-10-12 00:00:00+00:00,3542.12,3547.11,3403.21,3491.46,409377.1918,2021-10-12 23:59:59.999000+00:00,1425455761.4066179,925699,201641.4148,702321739.2320609,0
2021-10-13 00:00:00+00:00,3491.43,3613.0,3412.7,3607.42,393463.1222,2021-10-13 23:59:59.999000+00:00,1376610269.516408,902525,201681.7182,706082588.659431,0
2021-10-14 00:00:00+00:00,3607.41,3824.0,3586.04,3790.82,481894.1473,2021-10-14 23:59:59.999000+00:00,1792792932.944189,1430307,251733.9105,936783652.8873379,0
2021-10-15 00:00:00+00:00,3790.82,3907.77,3734.1,3868.99,504321.732,2021-10-15 23:59:59.999000+00:00,1924965953.8584993,1399937,254168.4935,970514136.648077,0
2021-10-16 00:00:00+00:00,3868.38,3971.0,3803.56,3829.96,373727.8549,2021-10-16 23:59:59.999000+00:00,1452752901.397648,1037769,187096.1122,727596178.479473,0
2021-10-17 00:00:00+00:00,3829.96,3919.19,3640.0,3846.85,368898.9831,2021-10-17 23:59:59.999000+00:00,1406207658.840768,1025324,178427.9421,680830276.477113,0
2021-10-18 00:00:00+00:00,3847.0,3893.14,3676.0,3744.96,401819.9734,2021-10-18 23:59:59.999000+00:00,1520728621.310328,994548,195898.4727,741595496.941215,0
2021-10-19 00:00:00+00:00,3744.96,3886.89,3732.0,3877.03,341268.3723,2021-10-19 23:59:59.999000+00:00,1300066269.9331422,925015,174324.5608,664357630.0123689,0
2021-10-20 00:00:00+00:00,3876.98,4169.0,3828.05,4161.15,537383.09732,2021-10-20 23:59:59.999000+00:00,2149449047.3673105,1766454,279381.99444,1118325109.6206872,0
2021-10-21 00:00:00+00:00,4161.37,4375.0,4013.13,4052.99,798566.55805,2021-10-21 23:59:59.999000+00:00,3335123440.998212,2380751,404846.9768,1692164862.5576444,0
2021-10-22 00:00:00+00:00,4053.0,4167.41,3888.0,3972.2,463222.5428,2021-10-22 23:59:59.999000+00:00,1872218697.8510969,1133846,222124.1917,898314133.554093,0
2021-10-23 00:00:00+00:00,3972.19,4172.0,3937.51,4167.12,326576.9601,2021-10-23 23:59:59.999000+00:00,1323345505.7575169,940891,168280.0749,682461302.9820809,0
2021-10-24 00:00:00+00:00,4167.13,4186.57,3961.5,4082.33,350115.8386,2021-10-24 23:59:59.999000+00:00,1421627004.334803,917969,173779.212,705808722.830333,0
2021-10-25 00:00:00+00:00,4082.33,4236.0,4067.71,4220.37,347438.6534,2021-10-25 23:59:59.999000+00:00,1445430078.54488,939963,173328.5306,721155504.7567849,0
2021-10-26 00:00:00+00:00,4220.36,4297.0,4090.21,4131.52,414498.1599,2021-10-26 23:59:59.999000+00:00,1739912498.469915,1285913,205853.0689,864564656.686144,0
2021-10-27 00:00:00+00:00,4131.52,4307.0,3909.0,3922.0,704604.25,2021-10-27 23:59:59.999000+00:00,2874313313.398058,1872190,342946.2522,1399582259.368619,0
2021-10-28 00:00:00+00:00,3921.99,4295.0,3890.17,4286.02,626378.5055,2021-10-28 23:59:59.999000+00:00,2587268364.2614393,1711575,331721.6797,1370287598.1250381,0
2021-10-29 00:00:00+00:00,4286.01,4460.47,4265.97,4418.89,559231.07691,2021-10-29 23:59:59.999000+00:00,2440933126.0486555,1799386,299827.57771,1309028738.7546902,0
2021-10-30 00:00:00+00:00,4418.89,4434.06,4232.2,4322.68,340223.069,2021-10-30 23:59:59.999000+00:00,1469664811.9368348,1035476,164985.5425,712725589.416983,0
2021-10-31 00:00:00+00:00,4322.68,4399.14,4164.35,4287.21,412856.2893,2021-10-31 23:59:59.999000+00:00,1764886607.687624,1303438,207029.193,885572414.3197529,0
2021-11-01 00:00:00+00:00,4287.48,4386.58,4146.3,4319.43,417620.7073,2021-11-01 23:59:59.999000+00:00,1794319887.30236,1134036,208433.9365,895858147.040655,0
2021-11-02 00:00:00+00:00,4319.43,4599.6,4284.43,4589.89,468184.79301,2021-11-02 23:59:59.999000+00:00,2083371519.8068273,1657233,245450.7112,1092310373.4304738,0
2021-11-03 00:00:00+00:00,4589.68,4665.87,4455.0,4603.35,448658.35125,2021-11-03 23:59:59.999000+00:00,2051737308.0126247,1580640,221693.79026,1014198753.1220545,0
2021-11-04 00:00:00+00:00,4603.35,4606.65,4420.08,4532.32,368218.25695,2021-11-04 23:59:59.999000+00:00,1663942873.7930362,1019675,180789.4819,817221755.717328,0
2021-11-05 00:00:00+00:00,4532.31,4570.05,4438.8,4474.24,305651.7244,2021-11-05 23:59:59.999000+00:00,1375503505.227947,893068,152155.8565,684734029.750039,0
2021-11-06 00:00:00+00:00,4474.24,4530.0,4326.17,4518.0,322154.0973,2021-11-06 23:59:59.999000+00:00,1429791261.319524,868676,162175.6278,720042764.54545,0
2021-11-07 00:00:00+00:00,4518.0,4637.98,4502.37,4612.59,243596.5952,2021-11-07 23:59:59.999000+00:00,1115635571.36518,834745,124167.1925,568809173.880069,0
2021-11-08 00:00:00+00:00,4612.59,4822.97,4612.0,4807.98,391102.31806,2021-11-08 23:59:59.999000+00:00,1850800839.6928573,1344244,202324.49531,957541306.1850829,0
2021-11-09 00:00:00+00:00,4807.98,4838.28,4713.89,4732.33,311267.57998,2021-11-09 23:59:59.999000+00:00,1489567265.669691,995668,147968.47588,708147066.5785884,0
2021-11-10 00:00:00+00:00,4732.33,4868.0,4461.93,4628.78,553596.99163,2021-11-10 23:59:59.999000+00:00,2600175501.160489,1492374,270065.18221,1268630239.571584,0
2021-11-11 00:00:00+00:00,4628.68,4779.0,4576.47,4719.0,303688.9765,2021-11-11 23:59:59.999000+00:00,1425610198.7424169,909164,157894.3577,741000169.5926889,0
2021-11-12 00:00:00+00:00,4719.0,4809.71,4507.85,4665.46,461580.0415,2021-11-12 23:59:59.999000+00:00,2146130116.871767,1206412,233963.1159,1088185088.951037,0
2021-11-13 00:00:00+00:00,4665.47,4707.6,4584.08,4644.28,220720.6611,2021-11-13 23:59:59.999000+00:00,1026142451.546252,731125,118424.284,550635027.19302,0
2021-11-14 00:00:00+00:00,4644.27,4696.05,4514.12,4626.5,245309.0674,2021-11-14 23:59:59.999000+00:00,1126786539.405778,623491,122672.4061,563409641.23753,0
2021-11-15 00:00:00+00:00,4626.5,4772.01,4540.0,4563.78,375421.6601,2021-11-15 23:59:59.999000+00:00,1752738875.791921,1061676,193844.8631,905084671.525607,0
2021-11-16 00:00:00+00:00,4563.77,4563.77,4103.0,4209.76,735857.063,2021-11-16 23:59:59.999000+00:00,3163788841.066021,1741259,354749.4963,1525045237.187241,0
2021-11-17 00:00:00+00:00,4209.59,4299.91,4063.48,4287.8,472852.1842,2021-11-17 23:59:59.999000+00:00,1980248927.7112315,1146593,230168.3863,964335338.1946579,0
2021-11-18 00:00:00+00:00,4288.07,4344.81,3956.44,3996.9,576945.1837,2021-11-18 23:59:59.999000+00:00,2387588164.850108,1319866,271503.5573,1123646212.609458,0
2021-11-19 00:00:00+00:00,3996.9,4308.97,3973.01,4294.76,420045.0897,2021-11-19 23:59:59.999000+00:00,1740904041.283998,984517,220791.4006,915311333.172286,0
2021-11-20 00:00:00+00:00,4294.75,4435.88,4199.86,4412.17,365584.578,2021-11-20 23:59:59.999000+00:00,1577172914.2160761,888090,184875.7626,797947406.834007,0
2021-11-21 00:00:00+00:00,4412.17,4451.0,4242.41,4258.31,340206.3203,2021-11-21 23:59:59.999000+00:00,1479842945.950397,836925,163875.6246,712849742.985788,0
2021-11-22 00:00:00+00:00,4259.7,4320.0,4022.74,4085.97,518501.3338,2021-11-22 23:59:59.999000+00:00,2167112891.8657327,1162581,252693.2206,1055865143.426048,0
2021-11-23 00:00:00+00:00,4086.28,4385.59,4059.62,4339.44,502811.7902,2021-11-23 23:59:59.999000+00:00,2125825553.2223232,1098270,257182.2577,1087600936.697824,0
2021-11-24 00:00:00+00:00,4339.45,4373.94,4167.65,4269.36,448727.0306,2021-11-24 23:59:59.999000+00:00,1913428104.737214,990018,224088.2362,955466127.579108,0
2021-11-25 00:00:00+00:00,4270.1,4550.0,4248.27,4524.85,445868.2434,2021-11-25 23:59:59.999000+00:00,1962939107.4477446,1123629,231824.3193,1020486293.959096,0
2021-11-26 00:00:00+00:00,4524.48,4551.0,3913.0,4041.2,720245.1612,2021-11-26 23:59:59.999000+00:00,2994490664.021844,1654553,348872.8661,1449711434.447617,0
2021-11-27 00:00:00+00:00,4041.2,4183.66,4028.34,4095.29,275326.5202,2021-11-27 23:59:59.999000+00:00,1133169071.3503902,723831,136157.3482,560538419.133488,0
2021-11-28 00:00:00+00:00,4095.29,4298.51,3964.0,4294.78,346471.3551,2021-11-28 23:59:59.999000+00:00,1421535999.752079,842343,174386.8187,716242629.1809369,0
2021-11-29 00:00:00+00:00,4294.77,4458.92,4276.89,4444.53,406881.2284,2021-11-29 23:59:59.999000+00:00,1772611136.3924541,947503,197615.3669,861297710.0512381,0
2021-11-30 00:00:00+00:00,4444.54,4753.0,4346.36,4630.26,743024.4662,2021-11-30 23:59:59.999000+00:00,3391424543.4723835,1808789,382798.4648,1747000994.593408,0
2021-12-01 00:00:00+00:00,4630.25,4778.75,4523.99,4582.95,508198.3105,2021-12-01 23:59:59.999000+00:00,2382156066.737272,1367302,246310.7878,1154670707.221559,0
2021-12-02 00:00:00+00:00,4582.95,4634.83,4433.0,4511.21,451861.9545,2021-12-02 23:59:59.999000+00:00,2047468326.8026567,1062149,226209.1863,1025021244.456828,0
2021-12-03 00:00:00+00:00,4511.35,4654.88,4032.5,4215.73,677974.8659,2021-12-03 23:59:59.999000+00:00,2972156867.637412,1516700,333149.3796,1461878585.380166,0
2021-12-04 00:00:00+00:00,4215.01,4238.59,3503.68,4117.25,1111773.1451,2021-12-04 23:59:59.999000+00:00,4370074804.513231,2264288,530635.0464,2087295412.4309409,0
2021-12-05 00:00:00+00:00,4117.25,4248.19,4031.39,4196.44,536325.4413,2021-12-05 23:59:59.999000+00:00,2224220852.2791967,1088546,267574.1867,1110245049.715657,0
2021-12-06 00:00:00+00:00,4196.44,4376.15,3921.0,4347.59,726742.9638,2021-12-06 23:59:59.999000+00:00,2991267298.82173,1447061,359456.3673,1481368763.4485083,0
2021-12-07 00:00:00+00:00,4347.57,4425.0,4255.92,4306.4,420749.751,2021-12-07 23:59:59.999000+00:00,1830621575.426944,986492,209138.1349,910268147.820948,0
2021-12-08 00:00:00+00:00,4306.4,4450.49,4222.95,4436.91,429403.9351,2021-12-08 23:59:59.999000+00:00,1868281437.5653882,991178,218029.7487,949111222.931751,0
2021-12-09 00:00:00+00:00,4436.91,4488.0,4076.16,4105.64,462173.711,2021-12-09 23:59:59.999000+00:00,1970732612.694487,1038790,220095.1564,939705730.525763,0
2021-12-10 00:00:00+00:00,4105.64,4231.08,3887.37,3897.94,563236.5671,2021-12-10 23:59:59.999000+00:00,2287155262.156313,1098758,275875.2948,1121490841.658745,0
2021-12-11 00:00:00+00:00,3898.31,4097.08,3828.22,4089.37,427853.4343,2021-12-11 23:59:59.999000+00:00,1711893271.9748611,831899,219400.0965,877920201.044637,0
2021-12-12 00:00:00+00:00,4089.68,4173.63,3986.25,4130.0,260535.5157,2021-12-12 23:59:59.999000+00:00,1061361793.041272,591319,132750.983,540996287.574902,0
2021-12-13 00:00:00+00:00,4130.0,4142.75,3671.45,3781.93,533467.2307,2021-12-13 23:59:59.999000+00:00,2068534029.5511045,1144882,254674.9584,987547550.4039581,0
2021-12-14 00:00:00+00:00,3781.92,3882.74,3685.0,3858.99,395145.7462,2021-12-14 23:59:59.999000+00:00,1499985094.813692,915721,201941.9271,767055531.293764,0
2021-12-15 00:00:00+00:00,3858.99,4092.22,3643.73,4019.08,542068.0573,2021-12-15 23:59:59.999000+00:00,2102151850.114585,1238234,279106.549,1083422761.69731,0
2021-12-16 00:00:00+00:00,4019.54,4113.43,3942.11,3958.11,368780.031,2021-12-16 23:59:59.999000+00:00,1489983161.888796,848885,183514.6827,741663724.8964751,0
2021-12-17 00:00:00+00:00,3959.11,3994.1,3700.0,3875.42,463370.9225,2021-12-17 23:59:59.999000+00:00,1789265513.242975,1052871,229084.7318,885680674.009295,0
2021-12-18 00:00:00+00:00,3875.43,3996.93,3767.01,3959.93,339593.2543,2021-12-18 23:59:59.999000+00:00,1326617546.276588,740899,169241.7877,661219380.083755,0
2021-12-19 00:00:00+00:00,3959.93,4032.43,3884.0,3924.14,306006.323,2021-12-19 23:59:59.999000+00:00,1208752533.5950649,688078,155815.0605,615474823.433924,0
2021-12-20 00:00:00+00:00,3924.14,3983.37,3753.0,3944.73,366916.4771,2021-12-20 23:59:59.999000+00:00,1416566980.691001,844070,174604.9108,674073059.621831,0
2021-12-21 00:00:00+00:00,3944.72,4063.0,3913.21,4014.15,340826.3553,2021-12-21 23:59:59.999000+00:00,1364232642.488108,799127,166855.9599,668028914.5581369,0
2021-12-22 00:00:00+00:00,4014.41,4074.87,3933.4,3979.51,303191.8076,2021-12-22 23:59:59.999000+00:00,1215914916.5259368,675826,145269.3136,582537202.2889271,0
2021-12-23 00:00:00+00:00,3979.51,4150.0,3893.23,4111.41,380207.8166,2021-12-23 23:59:59.999000+00:00,1525274496.506047,911905,194409.2359,780346994.886132,0
2021-12-24 00:00:00+00:00,4111.41,4134.84,4017.17,4046.36,230741.8072,2021-12-24 23:59:59.999000+00:00,943327277.447182,593257,108747.5645,444728065.119323,0
2021-12-25 00:00:00+00:00,4046.35,4137.91,4018.62,4094.83,208126.8805,2021-12-25 23:59:59.999000+00:00,846912042.129082,515115,100652.6926,409702072.869234,0
2021-12-26 00:00:00+00:00,4094.36,4105.0,4000.0,4063.56,189309.255,2021-12-26 23:59:59.999000+00:00,767315615.268866,496076,88120.2395,357288552.818294,0
2021-12-27 00:00:00+00:00,4063.57,4127.46,4031.0,4037.23,222202.1383,2021-12-27 23:59:59.999000+00:00,905588409.897739,557284,105486.8778,430055120.395024,0
2021-12-28 00:00:00+00:00,4037.22,4037.23,3759.36,3792.75,358064.7163,2021-12-28 23:59:59.999000+00:00,1393962041.501678,846780,163464.6181,636073474.3419831,0
2021-12-29 00:00:00+00:00,3792.75,3827.78,3604.2,3630.19,302753.6375,2021-12-29 23:59:59.999000+00:00,1136202240.431213,719559,138893.5886,521509292.190415,0
2021-12-30 00:00:00+00:00,3630.18,3769.1,3585.0,3709.27,249263.7305,2021-12-30 23:59:59.999000+00:00,921537785.386881,583361,125440.9911,463883545.33237296,0
2021-12-31 00:00:00+00:00,3709.27,3815.0,3622.29,3676.23,268014.2942,2021-12-31 23:59:59.999000+00:00,1001765030.1381409,617370,131438.1771,491454123.810568,0
2022-01-01 00:00:00+00:00,3676.22,3776.45,3673.46,3765.54,154143.8968,2022-01-01 23:59:59.999000+00:00,574718328.452744,408666,76937.9798,286855413.588924,0
2022-01-02 00:00:00+00:00,3765.54,3857.44,3717.3,3828.27,154791.4263,2022-01-02 23:59:59.999000+00:00,585374957.73046,450610,81170.5053,307056603.74279,0
2022-01-03 00:00:00+00:00,3828.11,3853.09,3680.0,3765.89,236245.8586,2022-01-03 23:59:59.999000+00:00,892944105.5529939,594541,114525.6299,433084435.776656,0
2022-01-04 00:00:00+00:00,3765.89,3900.73,3713.11,3785.11,288258.5549,2022-01-04 23:59:59.999000+00:00,1098182607.9257262,676651,147451.4285,561958201.762099,0
2022-01-05 00:00:00+00:00,3785.1,3848.0,3415.0,3540.63,397942.0363,2022-01-05 23:59:59.999000+00:00,1464819255.093511,962670,183641.1134,676663293.71856,0
2022-01-06 00:00:00+00:00,3539.82,3550.43,3300.0,3406.81,496745.7413,2022-01-06 23:59:59.999000+00:00,1698727637.365026,1006279,250536.4828,856938730.300548,0
2022-01-07 00:00:00+00:00,3406.81,3416.76,3064.42,3199.24,669631.7262,2022-01-07 23:59:59.999000+00:00,2149562773.329257,1307591,329420.1321,1057683053.114078,0
2022-01-08 00:00:00+00:00,3198.68,3250.0,3000.0,3080.95,400692.1061,2022-01-08 23:59:59.999000+00:00,1252795163.486269,814600,192818.0544,602863815.601238,0
2022-01-09 00:00:00+00:00,3080.98,3211.72,3057.35,3151.97,275874.1643,2022-01-09 23:59:59.999000+00:00,864505480.881738,591523,140931.0384,441833198.219928,0
2022-01-10 00:00:00+00:00,3151.97,3185.0,2928.83,3082.68,529818.3866,2022-01-10 23:59:59.999000+00:00,1616550523.0972009,935157,259668.2416,792807641.846424,0
2022-01-11 00:00:00+00:00,3082.87,3263.54,3051.8,3239.72,362446.7087,2022-01-11 23:59:59.999000+00:00,1145852583.62298,668961,184190.5779,582792200.298909,0
2022-01-12 00:00:00+00:00,3239.73,3411.43,3206.2,3371.26,370465.8015,2022-01-12 23:59:59.999000+00:00,1226038697.472902,737196,193929.257,641836657.478435,0
2022-01-13 00:00:00+00:00,3371.6,3410.0,3233.43,3240.61,336234.8799,2022-01-13 23:59:59.999000+00:00,1116293607.687924,666486,160295.7388,532448245.94264895,0
2022-01-14 00:00:00+00:00,3240.61,3342.79,3188.0,3307.42,285326.3505,2022-01-14 23:59:59.999000+00:00,931347172.7628809,572125,138986.6442,453872875.29387695,0
2022-01-15 00:00:00+00:00,3307.42,3371.64,3261.0,3326.04,203100.3778,2022-01-15 23:59:59.999000+00:00,675484534.6569489,444485,97533.1176,324387118.029709,0
2022-01-16 00:00:00+00:00,3326.51,3393.6,3269.62,3346.88,210782.2277,2022-01-16 23:59:59.999000+00:00,701885138.83374,495317,105304.5398,350817972.668298,0
2022-01-17 00:00:00+00:00,3346.89,3357.57,3141.1,3209.67,284063.6548,2022-01-17 23:59:59.999000+00:00,922568646.923763,646419,138706.976,450497992.462888,0
2022-01-18 00:00:00+00:00,3209.68,3243.87,3082.0,3159.85,299134.2728,2022-01-18 23:59:59.999000+00:00,943140782.389924,579484,147919.8085,466359496.762586,0
2022-01-19 00:00:00+00:00,3159.85,3174.87,3000.0,3084.02,332996.5703,2022-01-19 23:59:59.999000+00:00,1035249881.473593,647383,166361.989,517513738.78952897,0
2022-01-20 00:00:00+00:00,3084.02,3273.37,2987.15,3001.48,357596.7062,2022-01-20 23:59:59.999000+00:00,1124982397.8101342,718946,178166.9919,561491222.6649431,0
2022-01-21 00:00:00+00:00,3001.48,3034.12,2403.0,2568.15,1022021.70024,2022-01-21 23:59:59.999000+00:00,2828122722.883165,1723216,492708.32186,1364832200.329052,0
2022-01-22 00:00:00+00:00,2567.47,2626.0,2300.0,2412.18,1081357.54893,2022-01-22 23:59:59.999000+00:00,2652383041.9991856,1994513,527287.46361,1293783666.72144,0
2022-01-23 00:00:00+00:00,2412.18,2556.78,2370.8,2539.01,580497.7613,2022-01-23 23:59:59.999000+00:00,1431696375.6150658,1053655,300885.431,742655338.314519,0
2022-01-24 00:00:00+00:00,2539.0,2539.75,2159.0,2439.29,1123134.70389,2022-01-24 23:59:59.999000+00:00,2592832133.200201,1848889,556098.73488,1284560488.6860812,0
2022-01-25 00:00:00+00:00,2439.56,2506.55,2348.96,2458.83,510152.954,2022-01-25 23:59:59.999000+00:00,1237051148.4309,946366,261026.4288,633004042.497613,0
2022-01-26 00:00:00+00:00,2459.04,2722.0,2402.03,2462.99,806441.62289,2022-01-26 23:59:59.999000+00:00,2058599145.3419726,1384921,405477.92029,1034936471.4965832,0
2022-01-27 00:00:00+00:00,2463.0,2521.0,2316.43,2424.25,599481.7159,2022-01-27 23:59:59.999000+00:00,1448742950.4585562,1029204,308517.357,745718418.79699,0
2022-01-28 00:00:00+00:00,2424.02,2558.98,2357.88,2544.99,485149.8065,2022-01-28 23:59:59.999000+00:00,1183543182.408244,884305,243890.0215,595442818.157094,0
2022-01-29 00:00:00+00:00,2544.99,2636.66,2520.01,2601.43,376666.8246,2022-01-29 23:59:59.999000+00:00,966725225.782995,656017,196742.3966,504979471.310492,0
2022-01-30 00:00:00+00:00,2601.43,2640.0,2542.5,2601.68,290770.0859,2022-01-30 23:59:59.999000+00:00,755039834.5651209,564478,147074.1889,381845687.59660095,0
2022-01-31 00:00:00+00:00,2601.67,2706.77,2476.07,2686.94,444584.851,2022-01-31 23:59:59.999000+00:00,1154488527.579429,814997,226655.5532,589826074.939442,0
